x0,y0,z0,x1,y1,z1,x2,y2,z2,x3,y3,z3,x4,y4,z4,x5,y5,z5,x6,y6,z6,x7,y7,z7,x8,y8,z8,x9,y9,z9,x10,y10,z10,x11,y11,z11,x12,y12,z12,x13,y13,z13,x14,y14,z14,x15,y15,z15,x16,y16,z16,x17,y17,z17,x18,y18,z18,x19,y19,z19,x20,y20,z20,label
0.7160205841064453,0.7824307084083557,-1.4825435989962443e-08,0.6578497886657715,0.7581374645233154,-0.06463509052991867,0.6030832529067993,0.6898202896118164,-0.1095874160528183,0.5868299007415771,0.6272782683372498,-0.14948667585849762,0.6057602167129517,0.5767361521720886,-0.18321964144706726,0.6222310066223145,0.5132631063461304,-0.07985202968120575,0.605258584022522,0.4847206175327301,-0.1334555447101593,0.614051103591919,0.5743869543075562,-0.14761769771575928,0.629787802696228,0.6279064416885376,-0.1519283652305603,0.6832108497619629,0.5038421154022217,-0.07978977262973785,0.6672797799110413,0.4720289409160614,-0.157935231924057,0.6686731576919556,0.6016756892204285,-0.16740480065345764,0.6764641404151917,0.6386584639549255,-0.15575610101222992,0.7435848712921143,0.5188272595405579,-0.08781058341264725,0.7314460873603821,0.4942663908004761,-0.15699131786823273,0.7227288484573364,0.604931116104126,-0.14905865490436554,0.7272385358810425,0.6333680748939514,-0.12745799124240875,0.8055739402770996,0.5534413456916809,-0.10238468647003174,0.7919296026229858,0.5357161164283752,-0.14142543077468872,0.7756554484367371,0.6076672077178955,-0.13763722777366638,0.7759153842926025,0.6251847147941589,-0.1253250241279602,alif
0.7403779625892639,0.7666793465614319,-1.2067246757396788e-08,0.6866514682769775,0.7489055395126343,-0.07816290110349655,0.6299299597740173,0.6841358542442322,-0.12447980791330338,0.6130927801132202,0.6193946599960327,-0.16161403059959412,0.6273667216300964,0.5652979612350464,-0.19256646931171417,0.6389386653900146,0.5128623247146606,-0.09270086884498596,0.6329376697540283,0.49479255080223083,-0.15087755024433136,0.6451746821403503,0.5778167843818665,-0.16882257163524628,0.6568357348442078,0.6225643754005432,-0.17568433284759521,0.6995590329170227,0.499728798866272,-0.08466783165931702,0.6928455829620361,0.4935913681983948,-0.16401426494121552,0.7003390192985535,0.6121402382850647,-0.174674853682518,0.7033612132072449,0.6307501196861267,-0.16532427072525024,0.7589802742004395,0.5112924575805664,-0.08621497452259064,0.7579787969589233,0.5114032030105591,-0.1586340367794037,0.7528278827667236,0.6087646484375,-0.15477006137371063,0.7497618198394775,0.6204439997673035,-0.1362849324941635,0.8188918232917786,0.5398080348968506,-0.09516634792089462,0.8155682682991028,0.5440236926078796,-0.1386890411376953,0.8006739616394043,0.6094672679901123,-0.14036916196346283,0.792418897151947,0.6153497695922852,-0.13155998289585114,alif
0.7595772743225098,0.7857166528701782,-9.576601733840562e-09,0.7063763737678528,0.7635091543197632,-0.06400972604751587,0.6550936698913574,0.70013028383255,-0.10669412463903427,0.641486406326294,0.6377740502357483,-0.1436721831560135,0.662854790687561,0.5895242691040039,-0.1752709597349167,0.6675264835357666,0.5533326268196106,-0.07978834211826324,0.6648357510566711,0.5194942951202393,-0.1330919712781906,0.6718875765800476,0.6008769869804382,-0.14907273650169373,0.6810681819915771,0.6499656438827515,-0.15516623854637146,0.7234735488891602,0.5424776077270508,-0.0778844878077507,0.7192507982254028,0.5135996341705322,-0.15320159494876862,0.721436083316803,0.6292514204978943,-0.16600583493709564,0.7245807647705078,0.6567950248718262,-0.15865559875965118,0.7783961892127991,0.5526629090309143,-0.08371638506650925,0.777977705001831,0.5267436504364014,-0.1516389548778534,0.7690611481666565,0.6210325956344604,-0.1502058207988739,0.7668094038963318,0.6444849371910095,-0.1341429054737091,0.8335185050964355,0.5797647833824158,-0.09558956325054169,0.8323439359664917,0.5633103847503662,-0.13507723808288574,0.8158771395683289,0.624118447303772,-0.13638459146022797,0.8078697323799133,0.6391657590866089,-0.12859657406806946,alif
0.7747763395309448,0.7741430401802063,-1.042502262293965e-08,0.7293356657028198,0.7543185949325562,-0.07421016693115234,0.6830731630325317,0.70516437292099,-0.125235915184021,0.6615610122680664,0.6565605401992798,-0.16850163042545319,0.6716278791427612,0.6081154942512512,-0.20643572509288788,0.6871119737625122,0.5538996458053589,-0.09819117933511734,0.689076840877533,0.5237511992454529,-0.15870851278305054,0.697320818901062,0.5996027588844299,-0.17886148393154144,0.7041301727294922,0.6494957804679871,-0.18716785311698914,0.7407861351966858,0.5428516864776611,-0.09286149591207504,0.7424048781394958,0.5187228918075562,-0.1757715791463852,0.7464983463287354,0.6314323544502258,-0.19005098938941956,0.7452659010887146,0.6606110334396362,-0.18305592238903046,0.7935116291046143,0.5523947477340698,-0.09588971734046936,0.7984328269958496,0.5337035655975342,-0.17123258113861084,0.7912302613258362,0.624453067779541,-0.17117664217948914,0.7851974964141846,0.6467039585113525,-0.15526993572711945,0.8444520235061646,0.5814261436462402,-0.10543979704380035,0.848724901676178,0.5684217214584351,-0.15150339901447296,0.8341504335403442,0.6280003190040588,-0.1550750881433487,0.823756754398346,0.6446278691291809,-0.14804929494857788,alif
0.7723369002342224,0.7912279963493347,-7.833489412689687e-09,0.723598837852478,0.7705391645431519,-0.06133075803518295,0.6781803965568542,0.7179272174835205,-0.10150885581970215,0.6634108424186707,0.6627297401428223,-0.13621632754802704,0.6813979148864746,0.6190771460533142,-0.16592182219028473,0.6891313195228577,0.583157479763031,-0.07234656065702438,0.689452588558197,0.5514768958091736,-0.12164625525474548,0.6964098215103149,0.6247194409370422,-0.1375412791967392,0.7020182609558105,0.6645994782447815,-0.14429320394992828,0.7394307851791382,0.57603919506073,-0.069826640188694,0.737352192401886,0.5448900461196899,-0.13997414708137512,0.7398979663848877,0.6507495641708374,-0.15338383615016937,0.7398624420166016,0.6735469102859497,-0.1476072072982788,0.7885070443153381,0.5865337252616882,-0.0749901533126831,0.7892317771911621,0.5575471520423889,-0.13990500569343567,0.7813929319381714,0.6461488604545593,-0.14057499170303345,0.7769013047218323,0.6678595542907715,-0.12640933692455292,0.8367645144462585,0.6120783686637878,-0.08571728318929672,0.836907684803009,0.5897851586341858,-0.12489796429872513,0.8225796222686768,0.645619809627533,-0.12804187834262848,0.8142504096031189,0.6613273620605469,-0.1218629851937294,alif
0.7770851850509644,0.8021548986434937,-5.962470961407007e-09,0.7282915115356445,0.780185341835022,-0.04982626438140869,0.6857773661613464,0.7260462045669556,-0.08297530561685562,0.6745110750198364,0.6692806482315063,-0.11238609999418259,0.6920979022979736,0.6251612305641174,-0.1369573473930359,0.6970474123954773,0.6108590960502625,-0.0555313341319561,0.6959993839263916,0.5700201988220215,-0.09496154636144638,0.703274130821228,0.6381916403770447,-0.10520829260349274,0.7094150185585022,0.6788376569747925,-0.10867214947938919,0.7430684566497803,0.6031200885772705,-0.054421279579401016,0.7407342791557312,0.5630807876586914,-0.11273074895143509,0.7438804507255554,0.6609936356544495,-0.1228586733341217,0.7450363636016846,0.6853580474853516,-0.11598711460828781,0.7890708446502686,0.60981285572052,-0.059657465666532516,0.7904680371284485,0.5747280120849609,-0.1128648966550827,0.7843117713928223,0.6579186916351318,-0.11162925511598587,0.781050443649292,0.6811349987983704,-0.0977906808257103,0.8356555104255676,0.6293163299560547,-0.06958360970020294,0.8372197151184082,0.6026157736778259,-0.09969066083431244,0.8252749443054199,0.6556089520454407,-0.09996538609266281,0.8185545206069946,0.6723001003265381,-0.09278946369886398,alif
0.7832704186439514,0.8058071136474609,-5.313677942098138e-09,0.7332913279533386,0.7792940735816956,-0.037910930812358856,0.6911919116973877,0.7277964353561401,-0.06540679931640625,0.679721474647522,0.6739243268966675,-0.09196645021438599,0.6973511576652527,0.6389463543891907,-0.11464318633079529,0.7062292098999023,0.6205200552940369,-0.04226158931851387,0.7036135792732239,0.5778877139091492,-0.07906267791986465,0.7095258831977844,0.640737771987915,-0.08929472416639328,0.7159754633903503,0.687701940536499,-0.0927383154630661,0.7509596347808838,0.6124467849731445,-0.04634736105799675,0.7476276159286499,0.5698719620704651,-0.10291353613138199,0.748439371585846,0.6630016565322876,-0.11539773643016815,0.750027596950531,0.6991177201271057,-0.11059258878231049,0.7952420115470886,0.6191571950912476,-0.05585272237658501,0.7941234111785889,0.580359697341919,-0.10771673172712326,0.7871678471565247,0.6604874134063721,-0.10927369445562363,0.7847775816917419,0.6923461556434631,-0.09782964736223221,0.8401685357093811,0.6386163830757141,-0.06917501986026764,0.8379050493240356,0.6080498099327087,-0.09849139302968979,0.8260644674301147,0.6583582162857056,-0.10000580549240112,0.8202677965164185,0.6806308031082153,-0.09442794322967529,alif
0.7841323614120483,0.8066180348396301,-6.711369238132647e-09,0.7385430932044983,0.781579315662384,-0.04146983474493027,0.700613260269165,0.7290682792663574,-0.07004761695861816,0.692434549331665,0.6767852306365967,-0.09638375043869019,0.7133030295372009,0.6403161287307739,-0.11884135752916336,0.7164022326469421,0.6258130073547363,-0.04721810668706894,0.7121068835258484,0.5885782241821289,-0.08326464146375656,0.7164599299430847,0.6507791876792908,-0.09312541782855988,0.7235546112060547,0.6953505277633667,-0.09630408138036728,0.758657693862915,0.6194191575050354,-0.04866493493318558,0.7546670436859131,0.580427348613739,-0.10322575271129608,0.7540270686149597,0.6692042350769043,-0.11469627171754837,0.7567640542984009,0.7020227909088135,-0.10983391851186752,0.8005605340003967,0.6270093321800232,-0.05556391552090645,0.8003075122833252,0.5885400772094727,-0.10531844943761826,0.7919189929962158,0.6621991991996765,-0.10649285465478897,0.7909811735153198,0.6909987926483154,-0.09548135101795197,0.8432502150535583,0.6469752788543701,-0.0664486512541771,0.8412414789199829,0.6153357625007629,-0.09513244777917862,0.8287904262542725,0.6609981656074524,-0.09656685590744019,0.8247635364532471,0.6815616488456726,-0.09112806618213654,alif
0.8179739117622375,0.7818299531936646,-8.46091552375583e-09,0.7622362375259399,0.7391706705093384,-0.05450132489204407,0.7130227088928223,0.669746458530426,-0.0922192931175232,0.6987768411636353,0.5993953943252563,-0.12545904517173767,0.724632203578949,0.5491135120391846,-0.15288834273815155,0.7320398092269897,0.5378350019454956,-0.06637191027402878,0.7381142973899841,0.48396947979927063,-0.11222071945667267,0.7461913824081421,0.5659998655319214,-0.12210749834775925,0.7491846680641174,0.6186451315879822,-0.12403499335050583,0.7919822335243225,0.5298018455505371,-0.0650898888707161,0.7936034798622131,0.4748102128505707,-0.1352684646844864,0.7940424680709839,0.5962715744972229,-0.14397744834423065,0.7910261154174805,0.6305186748504639,-0.13229545950889587,0.8498687148094177,0.5408515930175781,-0.07053069025278091,0.8588663339614868,0.4883173704147339,-0.13419964909553528,0.8483654856681824,0.5863754153251648,-0.1304619163274765,0.8387799263000488,0.6186761856079102,-0.11146034300327301,0.905959963798523,0.569998025894165,-0.0807594582438469,0.9129355549812317,0.5302937626838684,-0.11476007103919983,0.8959137201309204,0.5891579985618591,-0.11373122036457062,0.8829615116119385,0.6125332117080688,-0.1041112020611763,alif
0.7675814628601074,0.7021520733833313,-8.308462362549562e-09,0.712156355381012,0.6707774996757507,-0.05597110092639923,0.6652678847312927,0.5924108624458313,-0.09743396937847137,0.6616525650024414,0.5232153534889221,-0.1385454535484314,0.6966319680213928,0.47872939705848694,-0.17627230286598206,0.685170590877533,0.45341169834136963,-0.05822213366627693,0.6777083277702332,0.38275790214538574,-0.10876741260290146,0.6905612349510193,0.4551011919975281,-0.12780873477458954,0.7035905122756958,0.5238507390022278,-0.1359349936246872,0.7444191575050354,0.44148725271224976,-0.06140628084540367,0.7426615357398987,0.368064820766449,-0.13877616822719574,0.7433480620384216,0.484643816947937,-0.16491864621639252,0.7459821701049805,0.5552641153335571,-0.16514970362186432,0.801115095615387,0.44820061326026917,-0.0717787817120552,0.8068386316299438,0.37444400787353516,-0.1405523717403412,0.7942314743995667,0.4796971082687378,-0.1502126306295395,0.7868576645851135,0.5479894876480103,-0.1411466747522354,0.854499101638794,0.4765909016132355,-0.08801594376564026,0.8568687438964844,0.41146910190582275,-0.12763118743896484,0.8408141136169434,0.4751890301704407,-0.13309890031814575,0.8310551047325134,0.5266271233558655,-0.12906324863433838,alif
0.7686024904251099,0.6812913417816162,-7.698458759364257e-09,0.7104701399803162,0.6508268117904663,-0.05607495829463005,0.6633256077766418,0.5677570104598999,-0.09646040201187134,0.6669816374778748,0.4970964789390564,-0.13658177852630615,0.7112374305725098,0.457474946975708,-0.1732378751039505,0.686311662197113,0.4287465810775757,-0.0575779490172863,0.6798974275588989,0.3525354266166687,-0.107574962079525,0.6930683255195618,0.4258487820625305,-0.12557391822338104,0.705653190612793,0.49660274386405945,-0.13287152349948883,0.7468953132629395,0.41661977767944336,-0.06077153980731964,0.7477186918258667,0.33496028184890747,-0.13798601925373077,0.7474938035011292,0.4524444043636322,-0.1636877954006195,0.7482385635375977,0.5250112414360046,-0.16325382888317108,0.8043718338012695,0.424734890460968,-0.0712638646364212,0.8126349449157715,0.344107985496521,-0.13957665860652924,0.7985649108886719,0.45040449500083923,-0.14919456839561462,0.7891019582748413,0.5210787057876587,-0.13978737592697144,0.8585782647132874,0.4558299481868744,-0.08771026879549026,0.8638888597488403,0.385044127702713,-0.1270609349012375,0.8474949598312378,0.44543933868408203,-0.1329672634601593,0.8359840512275696,0.4952245056629181,-0.1291171759366989,alif
0.7937320470809937,0.6788278222084045,-7.340414498457903e-09,0.7314988970756531,0.6415923833847046,-0.05951496213674545,0.6835368871688843,0.5523902773857117,-0.10016012191772461,0.688213050365448,0.4715932309627533,-0.13996215164661407,0.7332507371902466,0.41903233528137207,-0.17553184926509857,0.7085951566696167,0.40623530745506287,-0.052032630890607834,0.703783392906189,0.325697660446167,-0.09906750917434692,0.7182337641716003,0.4017432630062103,-0.11478482186794281,0.7308356761932373,0.47498631477355957,-0.12060346454381943,0.7731862664222717,0.39410197734832764,-0.05295491963624954,0.7751249074935913,0.30643248558044434,-0.12798906862735748,0.7755312323570251,0.43048274517059326,-0.15231992304325104,0.7763816714286804,0.5050122737884521,-0.150166317820549,0.8355216979980469,0.4019671380519867,-0.06177239865064621,0.8453590273857117,0.316184401512146,-0.1286243349313736,0.8312265872955322,0.4273044466972351,-0.13705654442310333,0.8218082189559937,0.49860620498657227,-0.12621894478797913,0.8949463367462158,0.4342201352119446,-0.0769384577870369,0.9004306197166443,0.3584292531013489,-0.1142815575003624,0.8824816942214966,0.4222691059112549,-0.11870431900024414,0.8708584308624268,0.473796010017395,-0.11338658630847931,alif
0.8023015856742859,0.6919726133346558,-8.169936727142613e-09,0.7378849983215332,0.6517416834831238,-0.06927945464849472,0.6893570423126221,0.5593344569206238,-0.1125081479549408,0.6972795128822327,0.4718013107776642,-0.1528761088848114,0.7475510835647583,0.41625282168388367,-0.18838566541671753,0.7173436880111694,0.404640257358551,-0.06210292875766754,0.7122966647148132,0.3214898705482483,-0.11217642575502396,0.7275342345237732,0.40735411643981934,-0.1286316215991974,0.7423431873321533,0.4858871102333069,-0.1348833590745926,0.7861968874931335,0.3920104205608368,-0.05950054153800011,0.7899318933486938,0.302079975605011,-0.14156395196914673,0.7902349233627319,0.43237394094467163,-0.1693820357322693,0.7907562851905823,0.5089415311813354,-0.1686944216489792,0.8516966104507446,0.40177658200263977,-0.06555142998695374,0.8652095198631287,0.30920225381851196,-0.1399535983800888,0.8503628373146057,0.42494308948516846,-0.15316788852214813,0.8387329578399658,0.5026701092720032,-0.14403903484344482,0.9126746654510498,0.4371083080768585,-0.07820405066013336,0.9250956773757935,0.35618680715560913,-0.1225612461566925,0.9086666107177734,0.4125881791114807,-0.13287125527858734,0.8948488831520081,0.4607585072517395,-0.13088829815387726,alif
0.7922136783599854,0.7436566352844238,-7.549957992125655e-09,0.7263617515563965,0.7041561603546143,-0.062097132205963135,0.6735877990722656,0.6089291572570801,-0.10640419274568558,0.6763520240783691,0.5254707932472229,-0.14978255331516266,0.7220421433448792,0.47455719113349915,-0.18853209912776947,0.7061953544616699,0.45165419578552246,-0.06372155994176865,0.69863361120224,0.36642396450042725,-0.11465919017791748,0.7134810090065002,0.45367687940597534,-0.1300736665725708,0.7269726991653442,0.5336589217185974,-0.1355183869600296,0.7752615809440613,0.44002628326416016,-0.06647630780935287,0.7764900326728821,0.3491780757904053,-0.14653834700584412,0.7754881978034973,0.4806169271469116,-0.16956140100955963,0.7751490473747253,0.5590320825576782,-0.16634692251682281,0.8416734933853149,0.45112842321395874,-0.07695353031158447,0.8523713946342468,0.3595629334449768,-0.14676041901111603,0.8357287049293518,0.4764096438884735,-0.15214723348617554,0.8236078023910522,0.5524688363075256,-0.13946957886219025,0.9046544432640076,0.48813143372535706,-0.09420636296272278,0.9119956493377686,0.4061623215675354,-0.13346156477928162,0.893120288848877,0.47040197253227234,-0.13659437000751495,0.8798855543136597,0.5237860679626465,-0.13042142987251282,alif
0.7809280157089233,0.7720489501953125,-1.1553071388448188e-08,0.7191053628921509,0.7354052066802979,-0.07496774196624756,0.6673418283462524,0.6440208554267883,-0.1287156492471695,0.6628393530845642,0.5582126379013062,-0.17887762188911438,0.6995883584022522,0.49834513664245605,-0.2239936739206314,0.6888293027877808,0.4695780575275421,-0.08820147812366486,0.6795573830604553,0.39272499084472656,-0.15195666253566742,0.6937565803527832,0.48262718319892883,-0.17256014049053192,0.7091469168663025,0.561607837677002,-0.18020281195640564,0.761467456817627,0.4573839008808136,-0.08828014880418777,0.7602971196174622,0.3772422671318054,-0.1835930198431015,0.7589507699012756,0.5227269530296326,-0.20783333480358124,0.760870635509491,0.5966085195541382,-0.2027202844619751,0.8320339918136597,0.46889984607696533,-0.09710457921028137,0.8397676348686218,0.39096707105636597,-0.18167844414710999,0.8198953866958618,0.5200988054275513,-0.18571040034294128,0.8084736466407776,0.5925758481025696,-0.16919493675231934,0.8979864120483398,0.5088308453559875,-0.11350583285093307,0.9012494087219238,0.4417453706264496,-0.16263364255428314,0.8769299387931824,0.5189092755317688,-0.16602249443531036,0.8627673387527466,0.5720467567443848,-0.15787333250045776,alif
0.8005160689353943,0.8115502595901489,-1.362640933422199e-08,0.7382372617721558,0.7717116475105286,-0.0932328924536705,0.6845785975456238,0.6754672527313232,-0.15770187973976135,0.6736496090888977,0.5772622227668762,-0.21468199789524078,0.7050497531890869,0.5056750774383545,-0.2655957043170929,0.7039303183555603,0.486476868391037,-0.11812087893486023,0.698731541633606,0.406705379486084,-0.19514471292495728,0.7123214602470398,0.5055099725723267,-0.2197355329990387,0.7260186076164246,0.5876331329345703,-0.22898192703723907,0.7824375629425049,0.47360679507255554,-0.11345330625772476,0.7843440175056458,0.3940582871437073,-0.22627508640289307,0.7830715179443359,0.5575602054595947,-0.25199729204177856,0.784062385559082,0.6288710236549377,-0.24452459812164307,0.8577423691749573,0.48790615797042847,-0.11882662028074265,0.8680352568626404,0.4123649597167969,-0.22064927220344543,0.8477266430854797,0.5522987246513367,-0.22516734898090363,0.8358238935470581,0.6205733418464661,-0.20530307292938232,0.9272850155830383,0.5351381897926331,-0.13253656029701233,0.9363895058631897,0.4734233617782593,-0.19292429089546204,0.9112692475318909,0.5580664873123169,-0.19837670028209686,0.8960769176483154,0.6095141768455505,-0.18928679823875427,alif
0.7942759990692139,0.8088750839233398,-1.4567008932431236e-08,0.7280123233795166,0.7714978456497192,-0.09184996783733368,0.6684474945068359,0.6728109121322632,-0.15674875676631927,0.6545116305351257,0.5769270062446594,-0.2155725061893463,0.6899446249008179,0.5089656710624695,-0.26842501759529114,0.6915372610092163,0.4813997745513916,-0.11866351217031479,0.6806416511535645,0.3961572051048279,-0.19684560596942902,0.6954548358917236,0.493563711643219,-0.22134354710578918,0.7109536528587341,0.5788686275482178,-0.22999656200408936,0.771203339099884,0.4687610864639282,-0.11653126031160355,0.7658005952835083,0.37993717193603516,-0.2315182387828827,0.7642162442207336,0.5402271747589111,-0.25758805871009827,0.7650690078735352,0.6185569167137146,-0.24970059096813202,0.8483682870864868,0.4817159175872803,-0.12444479763507843,0.8557214736938477,0.40125972032546997,-0.22705964744091034,0.8344721794128418,0.5448887944221497,-0.2291105091571808,0.8210329413414001,0.6215226650238037,-0.2070709764957428,0.9204500913619995,0.5270613431930542,-0.14110468327999115,0.9291269779205322,0.44971755146980286,-0.2036605179309845,0.9046742916107178,0.5308077335357666,-0.20814582705497742,0.8891034126281738,0.5862081050872803,-0.19764888286590576,alif
0.7738075256347656,0.79294753074646,-1.1037422531501306e-08,0.7060918211936951,0.7546805143356323,-0.0732148289680481,0.6469445824623108,0.6597225666046143,-0.126079261302948,0.6372323632240295,0.5669052004814148,-0.17608511447906494,0.6767970323562622,0.5069965124130249,-0.22085422277450562,0.6688028573989868,0.48708945512771606,-0.08737953752279282,0.6565261483192444,0.40326544642448425,-0.15165048837661743,0.6740305423736572,0.49224382638931274,-0.1712769716978073,0.6903519034385681,0.5686725974082947,-0.17807327210903168,0.7432301044464111,0.4718864858150482,-0.08924087882041931,0.736465334892273,0.3815585672855377,-0.18650950491428375,0.737159013748169,0.5295900702476501,-0.2099440097808838,0.7383754253387451,0.6053155064582825,-0.203448086977005,0.8158179521560669,0.48065146803855896,-0.09977564215660095,0.8214676380157471,0.3979591429233551,-0.186802476644516,0.8027957677841187,0.5330483913421631,-0.18925942480564117,0.7904717326164246,0.6097212433815002,-0.1704772710800171,0.8848417401313782,0.5184952020645142,-0.11777311563491821,0.8876089453697205,0.4443170130252838,-0.16889700293540955,0.8637188673019409,0.5238853096961975,-0.17170652747154236,0.848035454750061,0.5813524127006531,-0.16231746971607208,alif
0.7276511788368225,0.77289217710495,-6.7657124347419995e-09,0.6668052077293396,0.7462124228477478,-0.03898543119430542,0.6162654757499695,0.6677167415618896,-0.06826945394277573,0.6126658320426941,0.5949184894561768,-0.09910403937101364,0.6503866314888,0.5476696491241455,-0.1258883774280548,0.6406760215759277,0.5468467473983765,-0.03418690711259842,0.6276781558990479,0.4774726629257202,-0.06976984441280365,0.6390842199325562,0.5517284870147705,-0.07951579242944717,0.6526983976364136,0.6123238205909729,-0.08256937563419342,0.6924487948417664,0.5353108644485474,-0.040423762053251266,0.6827358603477478,0.4616941511631012,-0.1012558564543724,0.6871274709701538,0.5698754191398621,-0.11958005279302597,0.6946102976799011,0.6297457218170166,-0.11615416407585144,0.7445489764213562,0.5366300940513611,-0.05200992897152901,0.7403772473335266,0.4637903869152069,-0.10490956902503967,0.7342346906661987,0.5646377801895142,-0.10735184699296951,0.735424280166626,0.6285343170166016,-0.09514886140823364,0.7979947328567505,0.5534600019454956,-0.06827887892723083,0.7935006618499756,0.48584434390068054,-0.09617118537425995,0.7819690108299255,0.5462436079978943,-0.09567242115736008,0.7784131765365601,0.5949939489364624,-0.08827861398458481,alif
0.7446758151054382,0.7836565971374512,-8.126343153946891e-09,0.6887937784194946,0.758267879486084,-0.05631463602185249,0.6384746432304382,0.692702054977417,-0.09535238891839981,0.6256201863288879,0.6313185095787048,-0.13029947876930237,0.6484031081199646,0.5854794979095459,-0.15960022807121277,0.6627805829048157,0.556928277015686,-0.06982803344726562,0.6576756238937378,0.513095498085022,-0.11951511353254318,0.6619130373001099,0.5922650098800659,-0.1327686756849289,0.6690366268157959,0.6420668959617615,-0.1367945373058319,0.7169013619422913,0.5533627271652222,-0.07020508497953415,0.7098537683486938,0.5119603872299194,-0.14194001257419586,0.7082467079162598,0.6262933015823364,-0.15252944827079773,0.7112237215042114,0.6575233936309814,-0.14310523867607117,0.7693349719047546,0.5665992498397827,-0.07779659330844879,0.7639643549919128,0.5339901447296143,-0.142243891954422,0.7530409097671509,0.6321853399276733,-0.13721437752246857,0.7525691986083984,0.6582067012786865,-0.11825506389141083,0.8219664096832275,0.5924667119979858,-0.09106612205505371,0.812844455242157,0.5682769417762756,-0.12728333473205566,0.7968500852584839,0.6318160891532898,-0.12508228421211243,0.7933684587478638,0.6497494578361511,-0.11456886678934097,alif
0.7351008653640747,0.7919216156005859,-1.1364146068615355e-08,0.683749258518219,0.7684626579284668,-0.0588894821703434,0.6316270232200623,0.706669807434082,-0.09560626745223999,0.6161956787109375,0.6530918478965759,-0.12716087698936462,0.6370111107826233,0.6151164770126343,-0.15354172885417938,0.660210907459259,0.5543619990348816,-0.06759709119796753,0.6526283025741577,0.5429995059967041,-0.11492589861154556,0.6567266583442688,0.6210424900054932,-0.13045869767665863,0.6656044721603394,0.6625453233718872,-0.1371454894542694,0.7140458226203918,0.5507448315620422,-0.06603306531906128,0.7046055197715759,0.5464019179344177,-0.13297155499458313,0.7013452649116516,0.6526396870613098,-0.14433184266090393,0.7044165730476379,0.6752592921257019,-0.1384253054857254,0.7651118636131287,0.5693532228469849,-0.07209803909063339,0.7575699090957642,0.5729427933692932,-0.13233192265033722,0.7457396984100342,0.6612309813499451,-0.12977556884288788,0.7454556226730347,0.6748713254928589,-0.11510438472032547,0.8157246708869934,0.6025087833404541,-0.08424776047468185,0.8036681413650513,0.6095774173736572,-0.1197262555360794,0.7862821817398071,0.6681416034698486,-0.12061357498168945,0.7826482057571411,0.6744353175163269,-0.11353837698698044,alif
0.7307468056678772,0.8044114112854004,-1.0701737274132483e-08,0.677367627620697,0.7814571261405945,-0.051327183842659,0.6252059936523438,0.721271276473999,-0.0823144018650055,0.6118611097335815,0.6666415929794312,-0.1092960461974144,0.6354568004608154,0.6296209096908569,-0.13139280676841736,0.6585760712623596,0.5660092830657959,-0.05366448312997818,0.6461988091468811,0.5702444911003113,-0.09372469782829285,0.6505508422851562,0.6462184190750122,-0.10826385766267776,0.6613017916679382,0.6826465129852295,-0.11558230966329575,0.7099234461784363,0.5604895949363708,-0.05351712927222252,0.6953189373016357,0.5758498311042786,-0.11056521534919739,0.6926329731941223,0.6731753945350647,-0.12238630652427673,0.6982478499412537,0.6923074722290039,-0.11997643113136292,0.7580513954162598,0.578510582447052,-0.06025569885969162,0.7442944645881653,0.6032854318618774,-0.11215153336524963,0.7343564629554749,0.6843010783195496,-0.11185163259506226,0.7372490763664246,0.6935223937034607,-0.10144580155611038,0.8055844306945801,0.6112121343612671,-0.07247602939605713,0.7882303595542908,0.6356111168861389,-0.1026410460472107,0.7727888822555542,0.6912248730659485,-0.1044483408331871,0.7721031904220581,0.6944404244422913,-0.09978010505437851,alif
0.7300595641136169,0.8203655481338501,-1.0119526550056435e-08,0.6784945130348206,0.7970778346061707,-0.05079825595021248,0.6276611685752869,0.7382798790931702,-0.08202197402715683,0.6152193546295166,0.6852812767028809,-0.10987827926874161,0.6402458548545837,0.6489680409431458,-0.1329374462366104,0.6589012145996094,0.6011698842048645,-0.05165980011224747,0.644461452960968,0.5882397890090942,-0.09117604047060013,0.6465240120887756,0.661857008934021,-0.10434133559465408,0.6570472121238708,0.7006644010543823,-0.1101844385266304,0.7066913843154907,0.5961114764213562,-0.05135924741625786,0.6906943917274475,0.5906391143798828,-0.1090366318821907,0.6881853342056274,0.6874868273735046,-0.12168872356414795,0.6958414316177368,0.7102866172790527,-0.11815062910318375,0.7526583671569824,0.6104758977890015,-0.057952772825956345,0.7384548187255859,0.6112367510795593,-0.11011507362127304,0.7294031381607056,0.6924082636833191,-0.11075098067522049,0.7344215512275696,0.7066148519515991,-0.09968450665473938,0.7992040514945984,0.6379215121269226,-0.069853276014328,0.7823794484138489,0.640328049659729,-0.09989273548126221,0.7675999999046326,0.6942487359046936,-0.10156876593828201,0.7686043977737427,0.7022097706794739,-0.0961814820766449,alif
0.7498897314071655,0.6693193316459656,9.309503168353217e-10,0.6681478023529053,0.6123940944671631,-0.01870294287800789,0.6108680963516235,0.5318450331687927,-0.025654617697000504,0.6197959184646606,0.4388769268989563,-0.03750474750995636,0.6778908967971802,0.40589284896850586,-0.04580117389559746,0.6525921821594238,0.4381953477859497,0.024179700762033463,0.6673880219459534,0.367303729057312,0.010882803238928318,0.6671888828277588,0.4409922659397125,0.007367602549493313,0.663382887840271,0.4961708188056946,0.005276529584079981,0.7037839293479919,0.42781421542167664,0.014062261208891869,0.7116268277168274,0.36409229040145874,-0.019501831382513046,0.7082873582839966,0.46446657180786133,-0.041061725467443466,0.7073971629142761,0.5193087458610535,-0.045375317335128784,0.7547499537467957,0.4344007968902588,-0.0012773177586495876,0.759963870048523,0.3706158399581909,-0.0384998545050621,0.7534332275390625,0.4625062942504883,-0.055179692804813385,0.7511038184165955,0.5205110311508179,-0.0552687868475914,0.8106573820114136,0.45555776357650757,-0.01901337504386902,0.8083372712135315,0.3840668201446533,-0.03973303735256195,0.7979061007499695,0.44153374433517456,-0.04737468063831329,0.7924906611442566,0.4920981824398041,-0.04807152971625328,alif
0.7549466490745544,0.6481614112854004,-5.710520251112072e-11,0.673079788684845,0.5975374579429626,-0.024784207344055176,0.6158604621887207,0.5191097855567932,-0.03534107282757759,0.6240839958190918,0.4245246648788452,-0.04875081405043602,0.6798291802406311,0.38713476061820984,-0.05752477049827576,0.6552718877792358,0.425662100315094,0.011469362303614616,0.6704382300376892,0.356597900390625,-0.00606333976611495,0.6681704521179199,0.43769925832748413,-0.008935799822211266,0.6661835312843323,0.488994300365448,-0.01009127963334322,0.7075120806694031,0.4146612882614136,0.003365506883710623,0.7143152356147766,0.3503153622150421,-0.03649423271417618,0.7089894413948059,0.4572538137435913,-0.05541021749377251,0.7098928689956665,0.5004556775093079,-0.056113678961992264,0.7590479254722595,0.419181764125824,-0.010248695500195026,0.7630521059036255,0.3545815646648407,-0.052909381687641144,0.754936158657074,0.45211929082870483,-0.06518001109361649,0.75620037317276,0.5010115504264832,-0.060375288128852844,0.8153269290924072,0.4370870590209961,-0.026547085493803024,0.8126706480979919,0.36613988876342773,-0.05014462769031525,0.8004636168479919,0.4291701316833496,-0.05555016174912453,0.797614574432373,0.474954217672348,-0.05331253632903099,alif
0.7421377301216125,0.6589174866676331,1.17173026836781e-09,0.6647023558616638,0.6068937182426453,-0.02113235555589199,0.6099918484687805,0.5300986170768738,-0.0295917559415102,0.6184940338134766,0.4404996931552887,-0.04191245883703232,0.6742669939994812,0.40780720114707947,-0.05023017153143883,0.6525101661682129,0.4404088258743286,0.018253471702337265,0.663076639175415,0.37239328026771545,0.0030258395709097385,0.6603113412857056,0.44355064630508423,-0.0003332242777105421,0.6572770476341248,0.4940885305404663,-0.0017507890006527305,0.7015789151191711,0.43162238597869873,0.009393850341439247,0.7049254179000854,0.3690677583217621,-0.024925051257014275,0.7002752423286438,0.46689146757125854,-0.04405751824378967,0.7007247805595398,0.513740062713623,-0.04629672318696976,0.7502578496932983,0.4376770257949829,-0.004951459355652332,0.7520445585250854,0.3749051094055176,-0.04234877973794937,0.7444943189620972,0.4651513397693634,-0.05581680312752724,0.7445421814918518,0.5168065428733826,-0.05341432988643646,0.8034234046936035,0.45700976252555847,-0.021934833377599716,0.8001376390457153,0.3862404227256775,-0.04270850494503975,0.789321780204773,0.4419859051704407,-0.04856555536389351,0.786181628704071,0.48820507526397705,-0.04754990339279175,alif
0.7402762174606323,0.6694966554641724,2.4979487922571764e-10,0.6685324907302856,0.6253881454467773,-0.02625362202525139,0.6147237420082092,0.5457359552383423,-0.037640947848558426,0.6237140893936157,0.460894376039505,-0.05125301331281662,0.677223265171051,0.4341364800930023,-0.06031050160527229,0.6557102203369141,0.4592442512512207,0.005185346119105816,0.6633316278457642,0.3952798843383789,-0.012892904691398144,0.6602603793144226,0.4706128239631653,-0.016445297747850418,0.6593814492225647,0.5146804451942444,-0.01797616109251976,0.702051043510437,0.45285341143608093,-0.0017244848422706127,0.7039592862129211,0.39472559094429016,-0.03777428716421127,0.6987371444702148,0.4926009476184845,-0.05423591285943985,0.700353741645813,0.5277374386787415,-0.05473516508936882,0.7481184005737305,0.45929720997810364,-0.014180706813931465,0.7492032647132874,0.40018701553344727,-0.051329340785741806,0.7413005232810974,0.4892859160900116,-0.06092634052038193,0.7434511184692383,0.5323218107223511,-0.05610433220863342,0.7987438440322876,0.4775271713733673,-0.029898008331656456,0.7948827743530273,0.4133005738258362,-0.04965214058756828,0.7832971811294556,0.468171626329422,-0.05344370752573013,0.781808614730835,0.506923496723175,-0.050965745002031326,alif
0.7338939905166626,0.6577135324478149,-1.4819460936177364e-10,0.6671735644340515,0.6176859736442566,-0.025042546913027763,0.6171737313270569,0.5440014004707336,-0.03704182058572769,0.626336932182312,0.4666815400123596,-0.051162656396627426,0.6764954924583435,0.4421459436416626,-0.060877494513988495,0.6553711891174316,0.4594316780567169,0.0029480322264134884,0.6618383526802063,0.39919596910476685,-0.014976170845329762,0.6597406268119812,0.46855616569519043,-0.018862538039684296,0.6593247652053833,0.5101356506347656,-0.02053186111152172,0.6993486881256104,0.4545641541481018,-0.0037994731683284044,0.700855016708374,0.4018155634403229,-0.03754834085702896,0.6967397928237915,0.4930455684661865,-0.05222683399915695,0.6982724070549011,0.5251595377922058,-0.05229680985212326,0.743196427822113,0.46179333329200745,-0.015861403197050095,0.7438451051712036,0.4090566337108612,-0.04994290694594383,0.7366374135017395,0.4918379783630371,-0.05757318064570427,0.7385537028312683,0.5294336080551147,-0.052503801882267,0.7911800742149353,0.4796755909919739,-0.03117484785616398,0.787948727607727,0.42023059725761414,-0.04870152100920677,0.7775427103042603,0.471603125333786,-0.051011450588703156,0.7765994071960449,0.5062953233718872,-0.04799683019518852,alif
0.7374418377876282,0.6558966636657715,-8.593960265645961e-11,0.6727684736251831,0.6181021928787231,-0.022204332053661346,0.6232365965843201,0.5457431077957153,-0.03243706747889519,0.6317174434661865,0.47111666202545166,-0.0452108159661293,0.6804576516151428,0.4483613073825836,-0.05391671136021614,0.6592632532119751,0.465065062046051,0.007735902443528175,0.6668398976325989,0.40944230556488037,-0.007362582720816135,0.6660077571868896,0.4736538231372833,-0.010723710991442204,0.6651367545127869,0.5144749879837036,-0.012322872877120972,0.7014621496200562,0.45887038111686707,0.001003482611849904,0.7043065428733826,0.4103431701660156,-0.028518464416265488,0.7007588148117065,0.4964602291584015,-0.04281027242541313,0.7007915377616882,0.5296050310134888,-0.04359125718474388,0.7434813976287842,0.46480128169059753,-0.010725874453783035,0.7451735734939575,0.41614222526550293,-0.040600501000881195,0.7390486598014832,0.4955373704433441,-0.048558663576841354,0.7390713691711426,0.5341420769691467,-0.04475613683462143,0.7896634936332703,0.48177963495254517,-0.025531016290187836,0.786641538143158,0.42601248621940613,-0.040461886674165726,0.7773694396018982,0.47449660301208496,-0.042866338044404984,0.7748979330062866,0.5083493590354919,-0.04050492122769356,alif
0.7370042204856873,0.6680924296379089,1.7307449917680628e-10,0.6752148270606995,0.6343233585357666,-0.02611818164587021,0.6281466484069824,0.5614478588104248,-0.036683034151792526,0.6404316425323486,0.4898013770580292,-0.04859379306435585,0.6905878186225891,0.47121888399124146,-0.056012798100709915,0.6650609970092773,0.4858189821243286,0.005032720509916544,0.668721079826355,0.43440210819244385,-0.010671932250261307,0.6673439145088196,0.4976353645324707,-0.014568600803613663,0.6688224077224731,0.5319674611091614,-0.016582226380705833,0.7054108381271362,0.4816526770591736,0.00046632165322080255,0.7062684893608093,0.43650656938552856,-0.028952578082680702,0.7028290629386902,0.5208015441894531,-0.04321420192718506,0.7045572996139526,0.5458386540412903,-0.04401923716068268,0.7453262805938721,0.48760947585105896,-0.009633594192564487,0.7461233735084534,0.4421035051345825,-0.039549704641103745,0.7391639947891235,0.5196005702018738,-0.047956060618162155,0.7409807443618774,0.5522057414054871,-0.04435301944613457,0.789414644241333,0.5034790635108948,-0.02312275394797325,0.7863420248031616,0.4500674605369568,-0.038307417184114456,0.7764557600021362,0.4972960948944092,-0.041374996304512024,0.7754948139190674,0.5279656648635864,-0.03940470144152641,alif
0.7356588244438171,0.6630864143371582,-5.581136663934672e-10,0.6781274080276489,0.6334657669067383,-0.025779781863093376,0.6341668367385864,0.5625470280647278,-0.03699367493391037,0.6475669741630554,0.49655359983444214,-0.04923026263713837,0.6948015093803406,0.47988417744636536,-0.05727570503950119,0.6693280935287476,0.4907058775424957,-1.490471822762629e-05,0.6714879274368286,0.44361376762390137,-0.01542665809392929,0.6710000038146973,0.5032986402511597,-0.018819572404026985,0.6734912991523743,0.5355310440063477,-0.02049236372113228,0.7077744603157043,0.4876706004142761,-0.0041978610679507256,0.7082688808441162,0.44543713331222534,-0.031461913138628006,0.7048120498657227,0.5239409804344177,-0.0432070717215538,0.7067036032676697,0.547632098197937,-0.043201833963394165,0.74579256772995,0.49450135231018066,-0.01350617129355669,0.7467747330665588,0.45276033878326416,-0.040216222405433655,0.7395015954971313,0.5252307653427124,-0.045727264136075974,0.7411502003669739,0.5556657910346985,-0.04137884080410004,0.7876366376876831,0.5111214518547058,-0.026342101395130157,0.7852026224136353,0.4639902710914612,-0.03956548497080803,0.7750353813171387,0.5083239674568176,-0.04093819484114647,0.7738526463508606,0.5358686447143555,-0.03821926936507225,alif
0.7355806827545166,0.6636391282081604,-4.880299497855844e-10,0.6793172359466553,0.6360903978347778,-0.02708551287651062,0.6362400650978088,0.5666987299919128,-0.03845096752047539,0.6482586860656738,0.5009512901306152,-0.050465427339076996,0.6926803588867188,0.47990381717681885,-0.0580405630171299,0.6689653396606445,0.4975464642047882,-0.00015581288607791066,0.668182373046875,0.45042183995246887,-0.01691468618810177,0.6687463521957397,0.506549596786499,-0.020557573065161705,0.673883318901062,0.535994291305542,-0.022005055099725723,0.7072283625602722,0.4941422641277313,-0.0038291618693619967,0.703865110874176,0.4499303996562958,-0.03255872055888176,0.700510561466217,0.5270801782608032,-0.04404589906334877,0.7049016356468201,0.5470430850982666,-0.04312589764595032,0.744005560874939,0.500801146030426,-0.013095633126795292,0.7421897053718567,0.45989924669265747,-0.04142989218235016,0.7339751124382019,0.531407356262207,-0.046323686838150024,0.7384929060935974,0.5575423240661621,-0.04081261157989502,0.7849889397621155,0.5155247449874878,-0.025983240455389023,0.7798168063163757,0.4733906388282776,-0.0405983030796051,0.7685315012931824,0.5175081491470337,-0.04187138378620148,0.7698721289634705,0.540195643901825,-0.03842085972428322,alif
0.7761385440826416,0.6551103591918945,-1.962518370035582e-09,0.7243615984916687,0.6313051581382751,-0.015416620299220085,0.6788426041603088,0.5693276524543762,-0.02357623539865017,0.677318811416626,0.5084666013717651,-0.034964464604854584,0.7141126990318298,0.48319247364997864,-0.04281008616089821,0.717920184135437,0.5060349106788635,0.010246682912111282,0.7046340107917786,0.46241506934165955,0.00062941963551566,0.7052608728408813,0.5126095414161682,0.0002707434759940952,0.7131726145744324,0.5414345264434814,0.00045623176265507936,0.75053471326828,0.5010709762573242,0.003292565932497382,0.7357513904571533,0.46074366569519043,-0.018514996394515038,0.7343355417251587,0.5272672772407532,-0.028453320264816284,0.7433035373687744,0.5508756041526794,-0.027605362236499786,0.7838072776794434,0.5043864846229553,-0.007446160074323416,0.7667089700698853,0.4690418839454651,-0.028327949345111847,0.7621921896934509,0.5324388742446899,-0.03202493488788605,0.7722506523132324,0.5598568916320801,-0.027362460270524025,0.8208879828453064,0.5143340229988098,-0.020746923983097076,0.7994688153266907,0.4776745140552521,-0.02999359928071499,0.7901583313941956,0.5201918482780457,-0.029323138296604156,0.7967978715896606,0.5449888110160828,-0.025541042909026146,alif
0.7685309648513794,0.6475382447242737,-7.779003552421671e-10,0.7146903276443481,0.6186273694038391,-0.009460080415010452,0.6716088652610779,0.5607210993766785,-0.013547825627028942,0.6677219271659851,0.5003037452697754,-0.022252604365348816,0.7024271488189697,0.4734017848968506,-0.02736484818160534,0.7140461206436157,0.5053060054779053,0.024113444611430168,0.6944760680198669,0.45600801706314087,0.018909091129899025,0.6946590542793274,0.5042023658752441,0.020598314702510834,0.7054914236068726,0.5353421568870544,0.021962197497487068,0.7432193756103516,0.4982264041900635,0.01581001468002796,0.7235440611839294,0.452079176902771,-0.0036947347689419985,0.7228804230690002,0.5173224806785583,-0.015348095446825027,0.7343454957008362,0.5438716411590576,-0.015105250291526318,0.7747558951377869,0.497738242149353,0.003953900188207626,0.7521278262138367,0.45802751183509827,-0.016350172460079193,0.7492333650588989,0.5204232931137085,-0.023839954286813736,0.7625911235809326,0.5505033731460571,-0.021082967519760132,0.8109655976295471,0.5035231113433838,-0.009628558531403542,0.7841942310333252,0.4634737968444824,-0.018767016008496284,0.7744154930114746,0.5052618384361267,-0.020229024812579155,0.7828830480575562,0.533378541469574,-0.017784086987376213,alif
0.7619406580924988,0.628067135810852,4.48216974646698e-09,0.6995714902877808,0.5927665829658508,-0.027574079111218452,0.6626330614089966,0.5295694470405579,-0.03609532490372658,0.683754026889801,0.46133217215538025,-0.04376855120062828,0.7265293002128601,0.44218242168426514,-0.04707314446568489,0.6759090423583984,0.4668077528476715,0.0034518565516918898,0.6987106800079346,0.4112125337123871,-0.013119412586092949,0.7025527954101562,0.4657708704471588,-0.018971934914588928,0.6986104846000671,0.5038257241249084,-0.02244880050420761,0.7188341021537781,0.46096259355545044,0.002699417294934392,0.7343624234199524,0.4112614095211029,-0.027867387980222702,0.7311640381813049,0.48773059248924255,-0.044666487723588943,0.7225404977798462,0.5134729743003845,-0.04819506034255028,0.7563936114311218,0.46513617038726807,-0.003572107758373022,0.7704591155052185,0.4197821021080017,-0.036720480769872665,0.7636569142341614,0.4884084463119507,-0.050529301166534424,0.7529451847076416,0.5175603628158569,-0.05035632848739624,0.7938196659088135,0.47653281688690186,-0.012565627694129944,0.8002077341079712,0.43090271949768066,-0.031236929818987846,0.792646050453186,0.47380173206329346,-0.039342332631349564,0.7820211052894592,0.5009872317314148,-0.04114430397748947,alif
0.7621375322341919,0.6260523796081543,5.15296294523182e-09,0.7016921639442444,0.5917477607727051,-0.028264937922358513,0.6651585102081299,0.5264868140220642,-0.03611062467098236,0.6875594854354858,0.45810261368751526,-0.04278114438056946,0.7305124402046204,0.4445694088935852,-0.04508862644433975,0.6765397787094116,0.4731752872467041,0.002623543608933687,0.6961073875427246,0.4142439365386963,-0.013736129738390446,0.703838050365448,0.4632122218608856,-0.01919376291334629,0.7024403810501099,0.5008116960525513,-0.022257665172219276,0.719055712223053,0.4649108946323395,0.0031090611591935158,0.7327512502670288,0.41237783432006836,-0.026321375742554665,0.732446551322937,0.48508891463279724,-0.042996037751436234,0.7244865298271179,0.5113317966461182,-0.0467548705637455,0.7560941576957703,0.46703124046325684,-0.0019164159893989563,0.770667314529419,0.41881677508354187,-0.034156668931245804,0.7649536728858948,0.4855313301086426,-0.048687294125556946,0.7536576986312866,0.5190681219100952,-0.04916408658027649,0.7925764322280884,0.4772172272205353,-0.009688378311693668,0.7998501658439636,0.431540846824646,-0.02806660905480385,0.792565643787384,0.4703816771507263,-0.03721123933792114,0.781106173992157,0.49815696477890015,-0.03987020626664162,alif
0.7515032887458801,0.6162331104278564,2.1590313981079134e-09,0.6902304291725159,0.5831811428070068,-0.019049054011702538,0.6489951014518738,0.5223343372344971,-0.02566220797598362,0.6619573831558228,0.4556923508644104,-0.034115877002477646,0.7062646150588989,0.4340866804122925,-0.03905169293284416,0.6715162396430969,0.4591730833053589,0.011063879355788231,0.6834478974342346,0.4068223834037781,-0.002170660998672247,0.6845807433128357,0.456057608127594,-0.006514338310807943,0.683144748210907,0.4919038712978363,-0.00899368803948164,0.7108944058418274,0.4525483548641205,0.005621400661766529,0.7187325358390808,0.4058288037776947,-0.0200395118445158,0.7174203395843506,0.4779968559741974,-0.03454861044883728,0.715344250202179,0.5076361894607544,-0.03718622773885727,0.7486469149589539,0.4567265808582306,-0.0044998591765761375,0.755508303642273,0.41218772530555725,-0.032248228788375854,0.7511529922485352,0.4787604510784149,-0.04257666692137718,0.7487586736679077,0.5121824145317078,-0.04145460203289986,0.7890586256980896,0.4702078104019165,-0.01713242009282112,0.7901127338409424,0.4202529191970825,-0.032259318977594376,0.7834171056747437,0.46084707975387573,-0.03701426088809967,0.7799534797668457,0.4908592104911804,-0.036951471120119095,alif
0.7547152638435364,0.6098547577857971,-4.435267153546363e-10,0.69420325756073,0.5821380019187927,-0.010623964481055737,0.6485926508903503,0.5202433466911316,-0.01585509441792965,0.6521068215370178,0.4551187753677368,-0.02543293498456478,0.6939043998718262,0.4286346435546875,-0.03218378871679306,0.6866075992584229,0.4553280174732208,0.018360013142228127,0.680719792842865,0.40464282035827637,0.00955260917544365,0.6801053881645203,0.45181983709335327,0.008631080389022827,0.6855387091636658,0.4881739616394043,0.008994200266897678,0.721703827381134,0.4477524757385254,0.00974081177264452,0.7152559161186218,0.3992387652397156,-0.011278015561401844,0.7138465642929077,0.4669467508792877,-0.023149235174059868,0.7203390002250671,0.5058024525642395,-0.023473678156733513,0.758521556854248,0.4497174620628357,-0.0024762197863310575,0.7493833303451538,0.40295058488845825,-0.023282121866941452,0.7446140646934509,0.467984139919281,-0.02939244918525219,0.7507458925247192,0.5094477534294128,-0.026320891454815865,0.8001099824905396,0.4599834978580475,-0.016891133040189743,0.7849318981170654,0.41122573614120483,-0.02663991041481495,0.7760537266731262,0.45268920063972473,-0.02719261683523655,0.7785395383834839,0.48764005303382874,-0.02431355230510235,alif
0.7849273681640625,0.6173625588417053,-2.4034181311805014e-09,0.7272810339927673,0.5961796641349792,-0.012556830421090126,0.675106406211853,0.5378689169883728,-0.018644990399479866,0.6674938201904297,0.47311076521873474,-0.02886948361992836,0.7039569020271301,0.4415466785430908,-0.035392362624406815,0.7183945178985596,0.4680989682674408,0.017544647678732872,0.693926990032196,0.4190833866596222,0.01076474878937006,0.6971973180770874,0.4706844687461853,0.01272968016564846,0.7103477716445923,0.5045427083969116,0.01453118771314621,0.7502158284187317,0.45782750844955444,0.009551494382321835,0.7252349257469177,0.4114986062049866,-0.011740073561668396,0.7290257811546326,0.4804168939590454,-0.022464007139205933,0.7436691522598267,0.5105488300323486,-0.021226268261671066,0.784197211265564,0.45485955476760864,-0.0020932548213750124,0.7562979459762573,0.41389667987823486,-0.023423943668603897,0.7573533654212952,0.4795457124710083,-0.029434312134981155,0.773292601108551,0.5117154717445374,-0.02553803101181984,0.8236386775970459,0.45819124579429626,-0.015869617462158203,0.7915605902671814,0.41617506742477417,-0.025626124814152718,0.7848647832870483,0.4609472155570984,-0.02622196450829506,0.7959003448486328,0.49070602655410767,-0.02299581840634346,alif
0.7823965549468994,0.6152639985084534,-2.9660629508043712e-09,0.7268248200416565,0.5886467099189758,-0.012957028113305569,0.6796274781227112,0.5323036909103394,-0.0203066635876894,0.6718007922172546,0.4687047004699707,-0.03196477144956589,0.7063120007514954,0.42874306440353394,-0.03900216147303581,0.7230979204177856,0.46367812156677246,0.019876588135957718,0.691161572933197,0.41256874799728394,0.014067884534597397,0.6957829594612122,0.4698520600795746,0.01743752881884575,0.7144957184791565,0.5039958357810974,0.01936289668083191,0.7529553174972534,0.45377177000045776,0.011544495820999146,0.7219048738479614,0.4042380452156067,-0.012119609862565994,0.7266455292701721,0.4769784212112427,-0.023790353909134865,0.7452356219291687,0.5006707906723022,-0.02253446727991104,0.7860340476036072,0.44925808906555176,-0.0005368730635382235,0.7528669834136963,0.40524351596832275,-0.02521124854683876,0.7545518279075623,0.47633597254753113,-0.032274894416332245,0.774524450302124,0.5056089162826538,-0.02828923426568508,0.8251897692680359,0.4514021575450897,-0.014310135506093502,0.7895864248275757,0.4088355600833893,-0.026934893801808357,0.7815507054328918,0.45763128995895386,-0.02858862653374672,0.7951844334602356,0.48725929856300354,-0.025600451976060867,alif
0.7843126058578491,0.6141606569290161,-2.549562116982429e-09,0.7282100319862366,0.5860708951950073,-0.00843388307839632,0.6836405992507935,0.527941107749939,-0.01428593322634697,0.6746287941932678,0.4636170268058777,-0.025797860696911812,0.7055765390396118,0.41765010356903076,-0.03294660896062851,0.7280917763710022,0.46311113238334656,0.02797510288655758,0.6938706040382385,0.4125064015388489,0.023610908538103104,0.6985655426979065,0.466932475566864,0.027262410148978233,0.7190353870391846,0.5013102889060974,0.02932758629322052,0.7567875385284424,0.4510507583618164,0.01760772615671158,0.721979558467865,0.3977242708206177,-0.0056808628141880035,0.7268301844596863,0.46983659267425537,-0.018097881227731705,0.7465094327926636,0.4972177743911743,-0.01707885041832924,0.7893610000610352,0.442804217338562,0.0036579554434865713,0.7518298029899597,0.394186794757843,-0.020606044679880142,0.7541918158531189,0.4672396183013916,-0.0279671773314476,0.7753669023513794,0.5007545351982117,-0.024191202595829964,0.8285984992980957,0.44126611948013306,-0.01167288888245821,0.7881202101707458,0.3973633050918579,-0.023594971746206284,0.7801044583320618,0.4484875202178955,-0.024923648685216904,0.7946078777313232,0.48191916942596436,-0.021840550005435944,alif
0.7758579850196838,0.6074988842010498,-2.7314355222074482e-09,0.7118538618087769,0.5722680687904358,-0.013982265256345272,0.6625334620475769,0.5051330327987671,-0.022556742653250694,0.6592121124267578,0.43353554606437683,-0.036014847457408905,0.6990754008293152,0.39601683616638184,-0.045106880366802216,0.7184498906135559,0.4298088550567627,0.01905764825642109,0.6972004175186157,0.3700300455093384,0.009913008660078049,0.6960488557815552,0.43064576387405396,0.01182570494711399,0.7091443538665771,0.47108176350593567,0.013844744302332401,0.7537841200828552,0.4239305257797241,0.0092784333974123,0.7324528694152832,0.36551377177238464,-0.018742678686976433,0.7293713688850403,0.4462549686431885,-0.03154981881380081,0.7436009049415588,0.48174750804901123,-0.02935463935136795,0.7916164994239807,0.42631617188453674,-0.004589752294123173,0.7669425010681152,0.3733777403831482,-0.03151658549904823,0.7609697580337524,0.44875073432922363,-0.037398699671030045,0.776805579662323,0.4855951964855194,-0.03154074400663376,0.8351166844367981,0.43700820207595825,-0.02076450176537037,0.8066247701644897,0.38066548109054565,-0.03334858641028404,0.7932119965553284,0.4309988021850586,-0.03343817964196205,0.8028713464736938,0.46590229868888855,-0.028869377449154854,alif
0.7682406306266785,0.6041411757469177,-2.8320070732945624e-09,0.7012917399406433,0.5690454244613647,-0.017227767035365105,0.6477087736129761,0.5007059574127197,-0.025616329163312912,0.6458167433738708,0.4245814383029938,-0.03838060051202774,0.6918643116950989,0.3857194185256958,-0.046473532915115356,0.6980112791061401,0.4182867705821991,0.022072672843933105,0.6802663207054138,0.3640948235988617,0.011305280961096287,0.681058406829834,0.4264039397239685,0.011717383749783039,0.6933669447898865,0.46406033635139465,0.012922931462526321,0.738025426864624,0.40994900465011597,0.013362434692680836,0.7196632027626038,0.35466644167900085,-0.017194140702486038,0.7177793383598328,0.4429299235343933,-0.031307559460401535,0.7304426431655884,0.47733640670776367,-0.028973139822483063,0.779614269733429,0.4119277894496918,-0.0004103420942556113,0.7600252628326416,0.3590927720069885,-0.030989330261945724,0.7540453672409058,0.4425901472568512,-0.03791097179055214,0.7676905393600464,0.4806424677371979,-0.03134012967348099,0.8272929787635803,0.42393773794174194,-0.01672767661511898,0.8038468956947327,0.36781448125839233,-0.03160465881228447,0.791364848613739,0.4224640727043152,-0.03252307325601578,0.7994368672370911,0.45778533816337585,-0.027750657871365547,alif
0.7612771987915039,0.6229031682014465,-3.3047231617899797e-09,0.6872862577438354,0.5834347605705261,-0.02183598466217518,0.6316225528717041,0.5120844841003418,-0.03325187414884567,0.6315925121307373,0.4306758642196655,-0.04866224527359009,0.6823562979698181,0.38641104102134705,-0.05928124859929085,0.6792173981666565,0.41434192657470703,0.01744018867611885,0.6710081696510315,0.3571740984916687,0.004056153353303671,0.6708914041519165,0.42993342876434326,0.0028359312564134598,0.678350567817688,0.47062963247299194,0.002727747894823551,0.723754346370697,0.40801042318344116,0.008675423450767994,0.7138567566871643,0.3508937358856201,-0.02519024722278118,0.7128996849060059,0.4492996037006378,-0.040764037519693375,0.7226194739341736,0.4854106903076172,-0.03917614743113518,0.7698724865913391,0.41357046365737915,-0.005598365794867277,0.7576196193695068,0.35763993859291077,-0.03989402577280998,0.7520548105239868,0.44828569889068604,-0.04728904739022255,0.7633188366889954,0.4896976947784424,-0.0404914915561676,0.821897566318512,0.43008938431739807,-0.022848928347229958,0.8044048547744751,0.36894622445106506,-0.040457118302583694,0.7915849089622498,0.4277212619781494,-0.04170386493206024,0.7969693541526794,0.46606549620628357,-0.03680155426263809,alif
0.7728911638259888,0.6242358088493347,-2.571168167264659e-09,0.6978048086166382,0.5791997909545898,-0.03015332669019699,0.6417726874351501,0.5054031014442444,-0.04602722451090813,0.6445280313491821,0.4201028645038605,-0.0644591823220253,0.7010766863822937,0.37390533089637756,-0.07736117392778397,0.6871462464332581,0.39949890971183777,0.008467555977404118,0.6874433159828186,0.3359805643558502,-0.010181017220020294,0.6839279532432556,0.4168311059474945,-0.013475255109369755,0.686552882194519,0.4600846469402313,-0.014759895391762257,0.7349836230278015,0.39478039741516113,0.0016290521016344428,0.7310247421264648,0.33250004053115845,-0.038950491696596146,0.7272956967353821,0.44123947620391846,-0.05618390813469887,0.7334275245666504,0.47464582324028015,-0.05449797585606575,0.7837697267532349,0.4018620550632477,-0.011654908768832684,0.7777097821235657,0.34052807092666626,-0.053071536123752594,0.7698812484741211,0.4383046627044678,-0.06183740869164467,0.7778373956680298,0.47692036628723145,-0.054290566593408585,0.8377130627632141,0.4209531247615814,-0.02841370180249214,0.8277121782302856,0.35515251755714417,-0.05020618066191673,0.8142037987709045,0.41802310943603516,-0.05266698822379112,0.817333459854126,0.45620569586753845,-0.047868769615888596,alif
0.7776384949684143,0.6375242471694946,-2.3015183092667257e-09,0.70189368724823,0.5897480249404907,-0.03264110907912254,0.6456012725830078,0.5153182148933411,-0.05073974281549454,0.6473426818847656,0.42722490429878235,-0.07035009562969208,0.7029973864555359,0.3789218068122864,-0.08453164249658585,0.6916006803512573,0.4083157181739807,-0.0019071397837251425,0.698479950428009,0.34102386236190796,-0.02228732407093048,0.6941109895706177,0.42770645022392273,-0.025107981637120247,0.6931778788566589,0.47523385286331177,-0.02585749700665474,0.7416477799415588,0.40308746695518494,-0.0071751573123037815,0.7417714595794678,0.33624520897865295,-0.05098263919353485,0.7366692423820496,0.4479324221611023,-0.06762280315160751,0.7398486733436584,0.4854069650173187,-0.06525398790836334,0.7925812602043152,0.41060030460357666,-0.018231989815831184,0.7904582023620605,0.34278053045272827,-0.06252976506948471,0.781848132610321,0.44300344586372375,-0.070442795753479,0.7863975167274475,0.4873141050338745,-0.061815179884433746,0.8476004600524902,0.43081772327423096,-0.03258256986737251,0.8416804075241089,0.3589239716529846,-0.05605509132146835,0.8279637098312378,0.4223441481590271,-0.05847807973623276,0.8280117511749268,0.46468520164489746,-0.05348283424973488,alif
0.7650389075279236,0.6489778757095337,-2.1347656975478912e-09,0.6892960071563721,0.6053018569946289,-0.02967626042664051,0.6356433629989624,0.5219610333442688,-0.045814625918865204,0.6340538263320923,0.43300747871398926,-0.0639219656586647,0.6764893531799316,0.3733532428741455,-0.07673078030347824,0.6883505582809448,0.4265919625759125,0.006380993872880936,0.6908676624298096,0.36139440536499023,-0.010947060771286488,0.6858963966369629,0.4371868371963501,-0.012466104701161385,0.6886369585990906,0.4809616506099701,-0.012054994702339172,0.7378485798835754,0.4241911470890045,0.002123275538906455,0.735008955001831,0.361087441444397,-0.03870194032788277,0.7288347482681274,0.4655769169330597,-0.05441507324576378,0.7352545857429504,0.5027070045471191,-0.05062249302864075,0.7875235676765442,0.4312935173511505,-0.0077557931654155254,0.7820103168487549,0.36973950266838074,-0.04747994244098663,0.7717171311378479,0.4669136106967926,-0.05316111072897911,0.7781638503074646,0.5075696110725403,-0.043295908719301224,0.8415573239326477,0.448742538690567,-0.02086927369236946,0.8323246836662292,0.37943461537361145,-0.04030809924006462,0.817560076713562,0.4438576400279999,-0.04028654471039772,0.8187101483345032,0.4841112494468689,-0.033269353210926056,alif
0.8007593750953674,0.7171332836151123,-1.2170315422110889e-08,0.8287681341171265,0.6176275014877319,0.05391395092010498,0.8296564221382141,0.5085511803627014,0.0665467381477356,0.83036208152771,0.42788201570510864,0.06955916434526443,0.866034984588623,0.38545119762420654,0.07465360313653946,0.7773268818855286,0.4537311792373657,0.011702139861881733,0.6857571005821228,0.4466140568256378,0.03264608606696129,0.6863702535629272,0.49631577730178833,0.05842907354235649,0.7060756087303162,0.5231611132621765,0.07158452272415161,0.7437834739685059,0.48508909344673157,-0.020126856863498688,0.6555503010749817,0.48628321290016174,0.005383917596191168,0.6662144660949707,0.534175455570221,0.03129908815026283,0.6912102103233337,0.5580859184265137,0.04217423498630524,0.7102295160293579,0.5319054126739502,-0.04458796605467796,0.627418041229248,0.5324697494506836,-0.0208943672478199,0.6377559304237366,0.5747591853141785,0.0028273803181946278,0.6611403822898865,0.5991547107696533,0.011577286757528782,0.678874671459198,0.5840898752212524,-0.06474275141954422,0.6047846674919128,0.543085515499115,-0.05980378016829491,0.5600228905677795,0.5265000462532043,-0.05066487565636635,0.522709310054779,0.5061895847320557,-0.046279847621917725,alif
0.7790217995643616,0.7119505405426025,-1.3138824250802372e-08,0.8067225217819214,0.6159250140190125,0.05527914687991142,0.8053504824638367,0.5107327699661255,0.0687292218208313,0.8032121062278748,0.4322829246520996,0.07218053191900253,0.835706353187561,0.3855321407318115,0.07759122550487518,0.7521327137947083,0.4548468291759491,0.01477909181267023,0.6614609956741333,0.45425304770469666,0.03607945144176483,0.6628395318984985,0.5040175318717957,0.06180477514863014,0.6825545430183411,0.5300313830375671,0.07501351833343506,0.7214390635490417,0.4856632649898529,-0.017217742279171944,0.6349281072616577,0.4934614300727844,0.00832883920520544,0.6473705172538757,0.5415346026420593,0.034210238605737686,0.6724010109901428,0.5640714168548584,0.04542357102036476,0.6905832290649414,0.5321434140205383,-0.041822757571935654,0.6090949773788452,0.5399588942527771,-0.018536245450377464,0.6222004890441895,0.5848167538642883,0.005882003344595432,0.6464400291442871,0.6099002957344055,0.01562089379876852,0.6612975001335144,0.5841830372810364,-0.06201167032122612,0.587386429309845,0.5488269329071045,-0.057563792914152145,0.5428018569946289,0.535097062587738,-0.04799386486411095,0.5049967765808105,0.5173539519309998,-0.04281819239258766,alif
0.7701642513275146,0.701670229434967,-1.3458935299581753e-08,0.7961530685424805,0.6092537045478821,0.05297674238681793,0.7902021408081055,0.5056514143943787,0.06668967753648758,0.7820754051208496,0.42858678102493286,0.07113830000162125,0.8083871006965637,0.37860429286956787,0.07759439200162888,0.7431296110153198,0.45672038197517395,0.013965217396616936,0.6537126302719116,0.45544254779815674,0.03557944670319557,0.6565937995910645,0.5030337572097778,0.06228113919496536,0.6787177324295044,0.52541583776474,0.07653222978115082,0.7144562602043152,0.4892192780971527,-0.015568514354526997,0.6286136507987976,0.4948666989803314,0.009045383892953396,0.6410545110702515,0.5400444269180298,0.03549722209572792,0.6659393310546875,0.5590853095054626,0.0480617880821228,0.6854329109191895,0.5358868837356567,-0.0379670113325119,0.6041152477264404,0.5400826334953308,-0.016722096130251884,0.617668867111206,0.583057165145874,0.007888794876635075,0.6420849561691284,0.6069595217704773,0.019076306372880936,0.657598614692688,0.5864136815071106,-0.055796846747398376,0.5831661820411682,0.5531958341598511,-0.05198102071881294,0.5401434898376465,0.5409576892852783,-0.04199223220348358,0.5039427876472473,0.5249252915382385,-0.03586152195930481,alif
